"Tumor","psi_1_mean","psi_1_lower","psi_1_upper","psi_2_mean","psi_2_lower","psi_2_upper","psi_3_mean","psi_3_lower","psi_3_upper","X_mean","X_lower","X_upper","N_mean","N_lower","N_upper","phi_mean","phi_lower","phi_upper"
"TARGET.30.PAIFXV.01A",0.0640858066113153,0.0276889070525235,0.17150161736075,0.813861555994424,0.443173396378747,0.905903691782907,0.122052637394261,0.0602507872168989,0.390533186135734,0.231433544900234,0.154477649867137,0.433435697764222,15.8589029176594,10.20855883973,19.2368898912408,0.340262077149254,0.184775384776233,1.00821983729157
"TARGET.30.PAISNS.01A",0.59071330118003,0.558412160645217,0.621879524486471,0.228348136211034,0.199546767995696,0.258088491185966,0.180938562608936,0.156474179580283,0.207127037171409,0.18348455088704,0.177064426115535,0.189838991587523,25.0753114338922,22.5339235563372,27.7597527636393,0.228644565831654,0.218577628376552,0.238758276910342
"TARGET.30.PAITCI.01A",0.139341071918327,0.100392755676317,0.179997836112795,0.458075662205573,0.396193451540322,0.518242720536044,0.402583265876099,0.36521036902854,0.440121600343102,0.174577570862388,0.156760507939983,0.192044082949511,12.9466193692812,11.0849999298334,14.8300217735603,0.214928467312561,0.188089833661756,0.242325726077529
"TARGET.30.PAIVHE.01A",0.404529450677134,0.346032137956952,0.461901190799688,0.19579338156243,0.117232140029496,0.275954734591133,0.399677167760436,0.357330693384542,0.442617385184891,0.276351447115685,0.261629454973965,0.290877193706289,16.1121999861608,13.9655516090602,18.3598530875474,0.402546059267729,0.370390861813389,0.435843214549621
"TARGET.30.PAIVMJ.01A",0.417166166276421,0.33504077111095,0.508030324030448,0.345812938687121,0.206838700792102,0.467100234850903,0.237020895036458,0.184738708737382,0.2982707753939,0.310011061523563,0.281708890591366,0.336720229074759,16.0228338491941,12.9810082567078,19.5943875598685,0.485219047287148,0.414389281107392,0.559571491457765
"TARGET.30.PAIVZR.01A",0.382920696014178,0.350286218651864,0.416457330299939,0.224541455813348,0.191964418711734,0.258691914810095,0.392537848172475,0.359703370352275,0.425782071924004,0.209200843008893,0.201664902491787,0.216914519352363,22.3986634770426,19.9013071297394,25.0306857470348,0.271031768322149,0.258195377706547,0.284429597315721
"TARGET.30.PAIXFZ.01A",0.605676665350811,0.564451134943648,0.64739547773219,0.322622176363436,0.276640449978358,0.366908407681757,0.0717011582857536,0.0525489211085974,0.0929950010140879,0.272660230502675,0.262893191676164,0.283010589524544,26.5082887209076,22.6677286135441,30.4997487190603,0.394210691820965,0.373048695581374,0.417379772950057
"TARGET.30.PAKHAV.01A",0.38066137649773,0.319221445526138,0.452255206723358,0.338823770445043,0.231176650742675,0.421761326926481,0.280514853057227,0.240046313657458,0.330564557565555,0.268127435934778,0.247307699993509,0.293077439814465,16.1460110493953,13.130679769206,19.3323399081733,0.384858650280629,0.341217777709232,0.44113174026814
"TARGET.30.PAKINP.01A",0.243141891835862,0.211665101039858,0.275344730602215,0.276367466855157,0.236916682545242,0.316390604018759,0.480490641308982,0.445266140937849,0.515000110224502,0.190017662712752,0.180365772632895,0.199791174389436,17.5187176587132,15.4494089609935,19.697898162017,0.239108862608509,0.223715397958493,0.25506489027893
"TARGET.30.PAKYZS.01A",0.136387179483004,0.0959249375952933,0.179178055624171,0.250355706969663,0.145966333613155,0.360667265536568,0.613257113547333,0.52675481245022,0.693945625146845,0.323087193722851,0.302322179316459,0.341792058053021,13.4171367771486,11.4130619660395,15.669362644326,0.520289258794253,0.463984780684499,0.575348921215848
"TARGET.30.PAKZRH.01A",0.57565720608388,0.523864341025349,0.632818880344307,0.360532420679707,0.296511695357186,0.417228488640086,0.063810373236413,0.043721272320552,0.0870680148480115,0.273465430236435,0.259206687629967,0.290286502281959,20.2407323774936,16.6326545626601,23.9999634987159,0.396159175319405,0.365334579018303,0.434432897902805
"TARGET.30.PALBFW.01A",0.221372086605762,0.134505873963604,0.327280434070253,0.522778660453485,0.356173104419655,0.654638304359246,0.255849252940753,0.200558670886852,0.322995609781919,0.280427129772963,0.24566957482376,0.32499877450153,15.8907499545197,11.9676698606878,19.7431884808876,0.413577507589224,0.337986898915184,0.524907561438264
"TARGET.30.PALCBW.01A",0.0899146430409824,0.0721992124545329,0.109294133981283,0.267546868974552,0.235990840433611,0.299280813736532,0.642538487984465,0.610293321991782,0.673950798552561,0.159183683176624,0.151894324051545,0.166558195822427,20.2666445470411,18.1151267652261,22.5197360987549,0.191662833661244,0.181050999113297,0.202569874257303
"TARGET.30.PALEAC.01A",0.434475863301438,0.388321038654453,0.48480729310515,0.378030742656409,0.314456125812146,0.437172153169744,0.187493394042153,0.15731098666945,0.220697308433217,0.235095652503991,0.2195638634926,0.253229981071822,16.3208175220398,13.5685823842788,19.0686429388596,0.317886495686966,0.28913103837316,0.353075646499932
"TARGET.30.PALFSE.01A",0.0532019820721814,0.024487976338699,0.0872911043709145,0.292975238050897,0.165749683772586,0.415033048450537,0.653822779876921,0.546281514948169,0.764049573436595,0.337288410153861,0.310233968934121,0.360440084657457,13.1610280833497,11.1829408505371,15.6612233667409,0.562891860877323,0.48440810027014,0.638057044538713
"TARGET.30.PALHVD.01A",0.336700463956223,0.307180700387209,0.366381637334307,0.24130867430461,0.213743338845998,0.269104883244645,0.421990861739168,0.390872400865755,0.453601509320492,0.11455537639473,0.108802564067939,0.120311569214213,22.2578270296418,20.1286777632387,24.4679965106114,0.130120021383978,0.122697857325522,0.13762855050359
"TARGET.30.PALIIN.01A",0.738970432015367,0.708787622462116,0.767790415263506,0.167306422549511,0.140924741933713,0.194995718724964,0.0937231454351216,0.0756199280716045,0.113219828523593,0.192548130294673,0.186732565243309,0.198580975162814,27.6601708585346,24.7682536941254,30.7052068224339,0.243168996205387,0.233775424276018,0.253053346337911
"TARGET.30.PALKXJ.01A",0.238716709731339,0.202223212830748,0.276486844103544,0.495376051254468,0.43710841365146,0.552228930318702,0.265907239014193,0.228416040698891,0.305311382153281,0.208877151148763,0.191551055174198,0.227975562622353,15.1224151584446,12.6527078620432,17.6379478205142,0.270684429239013,0.241525881887577,0.304358096465451
"TARGET.30.PALNVP.01A",0.475758584518576,0.438457507199542,0.514592150617147,0.226477161008278,0.183828883575708,0.268563144983309,0.297764254473146,0.266151555590989,0.329025992991187,0.22086867632037,0.211070117760544,0.231518802142449,17.6879843616311,15.3362103108975,20.0262537423422,0.291550815385081,0.274212030906355,0.310913606765682
"TARGET.30.PALSAE.01A",0.683839739980587,0.654938947874657,0.711950273542867,0.164741633677863,0.14117145937595,0.18941296572749,0.15141862634155,0.129626775567219,0.174080421758446,0.119433288823701,0.114494970872734,0.124347434314032,25.4600265283742,23.1124156007174,28.0361266493353,0.13648414570684,0.130026929891187,0.142971704820163
"TARGET.30.PALVVH.01A",0.702576108487887,0.664893190273834,0.740937219721702,0.208241117026639,0.167287217729475,0.247827588365945,0.0891827744854744,0.0697305875298316,0.109959354708742,0.23565843220283,0.225856972011962,0.245659355465294,18.8377163962969,16.3604556845757,21.4512396929137,0.318774438011949,0.300479064140646,0.337966804843519
"TARGET.30.PALXTB.01A",0.0187847477735852,0.00913912890969337,0.0306624774680545,0.427129263544035,0.388381936128621,0.465902797795439,0.55408598868238,0.51610185057129,0.591922212962081,0.183196934782353,0.171716937989899,0.195484982012185,16.3789058445629,14.2989400375927,18.4667462347069,0.228252699098254,0.210365934135055,0.247943846178538
"TARGET.30.PALZZV.01A",0.175594739173952,0.151992687816271,0.20007491936654,0.221262786401121,0.192165096079382,0.250989387355931,0.603142474424928,0.57049040182359,0.635611972535565,0.117951508915195,0.11096372685886,0.124827630434149,17.3643266999169,15.6046295850239,19.2362031121831,0.134551521681452,0.125467756000916,0.143611262942021
"TARGET.30.PAMCXF.01A",0.0702314059137585,0.0530747655638633,0.0896231068649857,0.210324093259796,0.177795263419599,0.243889731071389,0.719444500826446,0.686680388186157,0.751388392353578,0.160672511046815,0.15209576469039,0.169229398843262,15.8005916761474,14.0582472337266,17.6417023037724,0.193861497437726,0.181340421208031,0.20659150566391
"TARGET.30.PAMLNB.01A",0.080527020141305,0.0633065992090234,0.0995715003368327,0.213789576162334,0.184971050920641,0.243580543059815,0.705683403696361,0.674645153163104,0.735591773366426,0.166034851120139,0.159437679792785,0.172836414109647,20.76242004192,18.5967409412627,23.0335971663255,0.201811980804579,0.192004982021119,0.212073894980149
"TARGET.30.PAMMXF.01A",0.237380014543709,0.211288432343987,0.264857653822278,0.260659986393653,0.231076990501793,0.291419375835486,0.501959999062638,0.469234528606248,0.533683597274023,0.134198471599156,0.127384392959838,0.140908585302811,19.8664879524231,17.858329559705,21.957288507179,0.156281441282502,0.147030377142051,0.165515552672432
"TARGET.30.PAMYCE.01A",0.368092794905645,0.337587544584948,0.398214504525975,0.25142122090827,0.222152261937013,0.282516690445036,0.380485984186086,0.349342049493243,0.412250741445107,0.154716265670157,0.14806493729776,0.161412648532523,22.6646205732302,20.385730583825,25.0337876184632,0.185145112646997,0.175580710413987,0.194912992402198
"TARGET.30.PAMZGT.01A",0.01303815372485,0.0060050951432916,0.0220229787753139,0.17618059612337,0.147947169513417,0.205786951025767,0.81078125015178,0.781434681642937,0.838768437657667,0.17557989085969,0.168412965995563,0.182977073356167,18.5385772649475,16.6132968233837,20.5869677187031,0.216317533664542,0.205358888629212,0.227817001681625
"TARGET.30.PAMZMJ.01A",0.231083129667021,0.201965046286366,0.261384704379353,0.411973787982708,0.372431731912635,0.452916720015471,0.356943082350271,0.323962566057108,0.390279696736901,0.18568331917968,0.175739586950001,0.196017440074324,20.0959020200201,17.6763643441507,22.5833965061043,0.232173485044571,0.216530580813928,0.248818883693232
"TARGET.30.PAMZSH.01A",0.0496790562587416,0.0295309102009958,0.073454651421992,0.66265364328006,0.600528529300074,0.71858804532814,0.287667300461199,0.240351651749422,0.339761184441049,0.264022976417441,0.241540965175753,0.291254239077853,20.0233427288652,16.3025387972076,23.6836775907827,0.376202906231203,0.329935444834931,0.436745524072815
"TARGET.30.PANBMJ.01A",0.0884489429955366,0.0716562269763457,0.106965477232275,0.162630800523778,0.138811791197301,0.18849616276776,0.748920256480685,0.720561108268289,0.776248979523531,0.0989138328440421,0.0938460068047175,0.104165972220916,20.2076102027055,18.2117967566874,22.2938303543081,0.110226726310574,0.103937858574831,0.116806548396955
"TARGET.30.PANBSP.01A",0.700062673145966,0.671228663828761,0.728285500556573,0.199063216767265,0.17403274793313,0.224407500234041,0.100874110086769,0.0832922277618723,0.119419940551067,0.0763090168595725,0.0726874900184215,0.0798933013998837,31.3679562536708,28.4295734051514,34.4537503438956,0.0828066836348546,0.0785462396946114,0.0870496875615694
"TARGET.30.PANLET.01A",0.815020761988783,0.790745062222113,0.838145706618404,0.101533427088695,0.0835512200493625,0.121613616889997,0.0834458109225224,0.0669998592864071,0.101049924646406,0.0992165582215062,0.0957668129177365,0.102517871309685,38.0566164179834,34.5699265065165,41.6243646323436,0.110598035925238,0.10630809561359,0.114729062304111
"TARGET.30.PANNMS.01A",0.59329513325437,0.533646892145436,0.652077125677792,0.165131811266488,0.0910251843817161,0.243051955423945,0.241573055479142,0.203788893440811,0.279867327269165,0.284069171619816,0.268780044404453,0.298279600294496,14.029715455569,12.2975563448566,15.9805117096134,0.420130788605687,0.385619326110461,0.453862759865185
"TARGET.30.PANRHJ.01A",0.498023273823288,0.465768603958267,0.530130477941612,0.206775060102151,0.180057407252785,0.235822608506974,0.295201666074561,0.266692606007056,0.32467796296827,0.156265966308493,0.150227942445899,0.162210269306107,23.5876366503702,21.2685565634117,25.990399530155,0.18739021965764,0.178663210117257,0.196092247530785
"TARGET.30.PANRRW.01A",0.00806340458613908,0.00312366658326188,0.0151790548249978,0.314505296961559,0.2822104537134,0.349064960031627,0.677431298452302,0.643683485485176,0.710050384910561,0.150032368534298,0.142156599440476,0.158122223532642,18.5978225403675,16.6533070967092,20.7153744125558,0.178417428492415,0.167256318163179,0.190077402006325
"TARGET.30.PANRVJ.01A",0.406524358083419,0.363772667753999,0.448760729824126,0.198341956227838,0.147494209170445,0.249488432192737,0.395133685688742,0.358887126350445,0.432588610270189,0.227561153548118,0.216177149518553,0.240176152271502,15.7381912852521,13.6374574024462,17.9163450278602,0.303720870418336,0.283128910417876,0.327302102878652
"TARGET.30.PANUIF.01A",0.70315470757003,0.65874058186491,0.747705251056884,0.139661929548235,0.086767925567463,0.19200328753451,0.157183362881735,0.128020880885122,0.187873312191827,0.284301132026307,0.274099382151284,0.294951314847991,19.1557506830452,16.8186372753083,21.6584961523966,0.420516322825914,0.397256470024339,0.445680329500442
"TARGET.30.PANUKV.01A",0.276373392604698,0.248304844065627,0.305348218257974,0.221717104138041,0.194211447411129,0.250409689541575,0.50190950325726,0.470081187442542,0.534490753879061,0.116973054560598,0.111099196943373,0.12297867294268,21.3783289606868,19.3228948243383,23.5769082247714,0.133266934169364,0.125641896159513,0.14115317106546
"TARGET.30.PANWRR.01A",0.205001320123816,0.139224806545352,0.289940618448158,0.530380433151726,0.386419122299259,0.636563636942121,0.264618246724459,0.213093042181095,0.330406814278672,0.265120282825721,0.233452977829928,0.306398377892591,14.4729544181271,11.4081997805784,17.6392760541519,0.379351156862968,0.314528713482883,0.474402772667339
"TARGET.30.PANXJL.01A",0.553054433581439,0.476774397346461,0.620749148631384,0.180023976191801,0.0941565040465328,0.283967771124096,0.26692159022676,0.222876062791395,0.310533632716258,0.339432596238954,0.324726051382352,0.352678690745977,15.0843807710487,12.9894724571274,17.3373746614036,0.568433581741147,0.52412896391046,0.610996059884129
"TARGET.30.PANZPV.01A",0.0825352315979634,0.0380541636411101,0.13733608702441,0.388220702254702,0.216829254822652,0.570162897889689,0.529244066147335,0.371576643627235,0.669808559483507,0.359977651898455,0.312883568131354,0.392516203220372,11.4417182168795,9.67558201435957,14.1104552805193,0.641335309816506,0.491438522504504,0.768633995045659
"TARGET.30.PANZVU.01A",0.565165136204395,0.5292218597711,0.601882403003891,0.210746670625016,0.174749895154852,0.247986838589788,0.224088193170589,0.196008900628726,0.253136870371707,0.234383664043231,0.226571941192601,0.242667029223824,23.8227371540932,20.950730813999,26.6711226840816,0.316337956638354,0.301784775133466,0.332118622985047
"TARGET.30.PAPBGH.01A",0.106187684048998,0.087838114418618,0.126194839192447,0.149032713638139,0.126168678798724,0.174022121777303,0.744779602312863,0.715895815034911,0.772206992846223,0.103182502187748,0.097977451898005,0.10854453678542,21.4455949984934,19.3835038726338,23.6031086153669,0.115577418463514,0.109049960785095,0.122368174406225
"TARGET.30.PAPBJE.01A",0.252224312997221,0.216350040065735,0.289448315114931,0.324305800431547,0.274297587256784,0.374567671287256,0.423469886571233,0.387395675006462,0.460042846218184,0.208349195298313,0.195611313055513,0.221519172226454,15.3351638450272,13.2957342710821,17.4205980385373,0.269652595600084,0.248151319111633,0.292629441247748
"TARGET.30.PAPBZI.01A",0.421524594334499,0.390293898156785,0.452475297418867,0.161661319227056,0.137062013148861,0.187729723992372,0.416814086438445,0.386167236518678,0.448491916936104,0.153116260095974,0.147453976455322,0.159031731773306,22.7459350111133,20.4989187429412,25.0575857012943,0.182827358122508,0.174713460723167,0.191409340300597
"TARGET.30.PAPEAV.01A",0.642855461157695,0.611982389404843,0.672720852570668,0.252567834869011,0.223797717105231,0.282851037928812,0.104576703973294,0.0854172854756203,0.125087810396269,0.141555222202118,0.134882583216162,0.14838683347216,22.6842453513681,20.3874002635198,25.1096961316523,0.166439249125278,0.157194553377716,0.176038242931325
"TARGET.30.PAPEFE.01A",0.143614343761377,0.107822232114066,0.18246823497468,0.763967315001432,0.712390833371166,0.814303820009872,0.0924183412371914,0.0682965974870266,0.118321009587166,0.235875468431472,0.210869186823018,0.260013352850949,22.5959138587635,19.0167876310719,26.2547883120136,0.319646612864568,0.273864435985522,0.367012406924947
"TARGET.30.PAPHPE.01A",0.0970251642411011,0.064461583395853,0.131781522122579,0.595420144557546,0.538743946790216,0.653201709523113,0.307554691201353,0.27070077847125,0.344480983637,0.166821737424,0.14670200722912,0.186734232994242,13.1655163862473,11.0910496511453,15.3166463955,0.203198999377446,0.173648112815818,0.23377808614895
"TARGET.30.PAPICY.01A",0.35271832614188,0.240482390506755,0.464319541544745,0.407991697745346,0.238005177981053,0.580393339983857,0.239289976112774,0.16853624004616,0.315154754657584,0.328751563745854,0.286376327351463,0.364580671842282,13.2087329466602,10.0855017990108,16.6933690551448,0.539625172536469,0.425196085235424,0.653116000437876
"TARGET.30.PAPKWN.01A",0.546381840651097,0.470324429739509,0.615323459299116,0.198774360607583,0.105507703417326,0.301991132320338,0.25484379874132,0.209791580991537,0.300425344190597,0.336680604289891,0.32094882013934,0.350934673395946,16.7308932989092,14.4320222370226,19.2241345341473,0.56000537549687,0.513468206427537,0.605111727544601
"TARGET.30.PAPKXS.01A",0.679258314525852,0.650033490848925,0.707722290665676,0.174632636142783,0.150709602547314,0.19891068910742,0.146109049331365,0.125633398129057,0.167689966339073,0.118510326347171,0.113939531621966,0.122917267465615,29.5850837364124,26.834534536056,32.4211713754709,0.135270957857287,0.129307043699525,0.141071742679015
"TARGET.30.PAPRXW.01A",0.222244193406934,0.194747739621462,0.251288186110995,0.223661380850794,0.191269808575558,0.25799151615038,0.554094425742271,0.520332833301663,0.588331316459689,0.172357873224518,0.164236601524314,0.180382531024143,17.8630957672592,15.9061945891647,19.9001458060987,0.211383027738652,0.199100678854403,0.223741613576484
"TARGET.30.PAPSEI.01A",0.123969201018154,0.101410069299914,0.147665418140351,0.241317630728268,0.208320520188615,0.275997125418824,0.634713168253578,0.600731552891657,0.667048719497544,0.175821221263469,0.167834588842288,0.183799005396429,18.6470706980184,16.6159141963935,20.8674331580062,0.216697175024278,0.204487513602447,0.229115014137317
"TARGET.30.PAPSKM.01A",0.0315185935068204,0.0195822068397504,0.045311310535089,0.489559169137997,0.452306149146046,0.527073366590072,0.478922237355182,0.443262362366862,0.515357493549065,0.174882586154234,0.164230012242858,0.185625833788203,18.853435786776,16.6900867150064,21.136979281179,0.215281329976052,0.19909086656259,0.232012104902014
"TARGET.30.PAPTCR.01A",0.0903564275837097,0.0722320856735868,0.110631358046072,0.269264602084451,0.237931454408531,0.301162214154966,0.64037897033184,0.607970120989785,0.672705389053642,0.128826135800562,0.120815220059033,0.136617720316763,16.7623538486893,14.9405764366266,18.6231315962875,0.14899823253545,0.138292233070894,0.159576353107912
"TARGET.30.PAPTDH.01A",0.619824025923314,0.531243469172989,0.709013671487709,0.266627503655224,0.154907425728024,0.376984421577411,0.113548470421462,0.074371370346321,0.1573427881268,0.346061710361099,0.326280789128247,0.364266187843062,16.5838783421672,14.0069333265717,19.5940791710782,0.590013214004274,0.528583916894129,0.65195619723816
"TARGET.30.PAPTFZ.01A",0.333092511876843,0.302132517326689,0.36387281092177,0.287871368957862,0.255453629130641,0.321862465385016,0.379036119165296,0.347276487401846,0.410763756539198,0.153412267636144,0.14595588204549,0.160766683300295,20.3966185130096,18.2322901971195,22.611865598444,0.183266184034976,0.172593283031816,0.193959988962746
"TARGET.30.PAPTLA.01A",0.693135085887344,0.650540379114125,0.735297173331649,0.128635418047405,0.0797244561860322,0.175377520748525,0.178229496065251,0.150857360675856,0.207818056573678,0.270278012957517,0.260283196757739,0.280834694950416,18.3184240054758,16.0585776845059,20.792376431414,0.389001078589114,0.367574929152583,0.412390917879892
"TARGET.30.PAPTLD.01A",0.053916558124187,0.0336294666647104,0.076601757466451,0.414848382282574,0.364108776055496,0.464086565558041,0.531235059593239,0.488691166274153,0.574793187999606,0.24940276340669,0.237128637988805,0.262218488243271,19.7299468716696,16.7495348833093,22.7683868292,0.345542165270962,0.32147165186643,0.371627932108014
"TARGET.30.PAPTLV.01A",0.456232819159355,0.420214797484154,0.492788716056534,0.266580350274245,0.228066793737728,0.305963795966512,0.277186830566399,0.246728776350635,0.308346922900763,0.22560131500816,0.216615452513474,0.235027274697922,20.9427420296961,18.2620406638156,23.681907599003,0.300085110501644,0.28390164905365,0.317490600562394
"TARGET.30.PAPTLY.01A",0.209824723187198,0.181132990743259,0.240318517630157,0.221456348021347,0.185877812262659,0.25761621846296,0.568718928791455,0.532320179209925,0.604746186172284,0.167545496941973,0.158688159736731,0.176486800673665,18.0245937292904,15.9508174196976,20.2340369206763,0.204098725773356,0.190905775726097,0.217684091855478
"TARGET.30.PAPTMM.01A",0.561137839576041,0.529874377057537,0.592725402248285,0.249327055318558,0.221401916017956,0.278269343170306,0.1895351051054,0.165153524570833,0.215501373754606,0.11874468685903,0.113081294103053,0.124459555478101,23.7304639607654,21.4431257253765,26.1113322434388,0.135584033749133,0.128196744870218,0.143120962286127
"TARGET.30.PAPUAR.01A",0.0553267153714426,0.0372483366238281,0.0755737738317696,0.284444844571553,0.214715368127229,0.346346597121943,0.660228440057004,0.602476581558409,0.723236120437651,0.240018356818716,0.22288506785023,0.258775955500177,14.5261562106275,12.0467003232447,17.213673519714,0.327316896356305,0.295087880428782,0.364440975792393
"TARGET.30.PAPUJU.01A",0.043888036634444,0.0274214663168309,0.0628287563126891,0.28533241368754,0.234088236834816,0.33540312293088,0.670779549678016,0.623576207771039,0.717347594107466,0.230651216274401,0.21777846657615,0.244468347505738,14.5658123672807,12.5253827213614,16.6833905107661,0.309457912245882,0.285957878187183,0.335630905969553
"TARGET.30.PAPUWY.01A",0.673823959679845,0.607266480145655,0.731425999520951,0.14296179639284,0.0748640099134621,0.223355635770737,0.183214243927315,0.148203570905192,0.219017484997957,0.338629756399388,0.326418766194237,0.350237643959207,15.690796556282,13.7449582206187,17.7707506349429,0.565799979852137,0.528981201158956,0.602779176854625
"TARGET.30.PAPVFD.01A",0.437149879380994,0.405319814867033,0.468166287419945,0.207221868058682,0.181575919603998,0.234357502248672,0.355628252560324,0.325305125849079,0.386405888651235,0.135506155666772,0.130110999263009,0.141124020836541,23.4908678697594,21.1990991157443,25.8802216495125,0.158064306395163,0.150702567909341,0.165815615784674
"TARGET.30.PAPVRN.01A",0.0866252976038379,0.0664723240837698,0.108131319324781,0.240270129589023,0.193892345668661,0.285837982974999,0.673104572807139,0.631507451690451,0.715723682799478,0.234109296726425,0.22318787708811,0.245669579225435,17.4851504046171,15.0748639702704,19.9789180152711,0.315881938097526,0.29563453949874,0.337986903913521
"TARGET.30.PAPVXS.01A",0.605665272361921,0.557853828976302,0.651978717635517,0.146051663370468,0.0868496835206505,0.206263362625467,0.248283064267611,0.212942971036155,0.285003771987837,0.28589842183217,0.274182687239392,0.297212811240482,18.6491935193899,16.4067953410746,21.102486335696,0.424261097225156,0.397440888333965,0.45122550033694
"TARGET.30.PAPWUC.01A",0.0845312480837739,0.0581765217939959,0.113921082409252,0.19176730890531,0.109759008786166,0.278144880418283,0.723701443010916,0.650131025142873,0.791787289070959,0.299996350497307,0.282727306996374,0.315815382476188,12.3672674242572,10.7567619814225,14.2391005785348,0.458588523357155,0.416727442576549,0.499334743925063
"TARGET.30.PAPZYP.01A",0.409867676051599,0.37623826630679,0.44338091665765,0.308866075663372,0.271123843855064,0.347653063257597,0.281266248285029,0.251420587495504,0.312543094575092,0.178592786567236,0.169313917849891,0.187995981350053,17.6481168268741,15.5560951786934,19.7721363558943,0.221004565862385,0.206719282675352,0.235796015204257
"TARGET.30.PARABN.01A",0.175462812438493,0.150313405180245,0.202389411594796,0.239635437989236,0.207058549455465,0.273895303016393,0.584901749572271,0.550190918346428,0.618954725645018,0.163836846390887,0.155712369542807,0.17200957138601,18.20246665451,16.2523837361703,20.3195391541838,0.198544131642526,0.186565327684181,0.210811835759416
"TARGET.30.PARACS.01A",0.640542999909315,0.609096212731104,0.67163575273478,0.173569102804786,0.145764939157834,0.20233788924878,0.185887897285899,0.161750208153014,0.211255136179099,0.189384970494292,0.182633709415876,0.195986135023687,22.3172809842375,19.950823425591,24.8081613836359,0.23805686537332,0.227275750404479,0.248767394793337
"TARGET.30.PARAMT.01A",0.579210874925908,0.544649227094201,0.613172694797202,0.229043784772833,0.194563109600566,0.263961036120734,0.191745340301259,0.165754799313014,0.217992889223464,0.219043514325125,0.211176031924615,0.227169529839367,23.3231439629782,20.6391381034647,26.0412366335863,0.288255580304186,0.274395351484827,0.302878742276503
"TARGET.30.PARBAJ.01A",0.323638734610527,0.285190615239193,0.363968453498665,0.42623772410699,0.373355385804238,0.477053190218932,0.250123541282483,0.216923749299262,0.284464698334403,0.211239817220612,0.197304088965951,0.226347587095725,16.7761937214262,14.3678968567831,19.2636843798615,0.274670276360526,0.250939695402542,0.301374681699977
"TARGET.30.PARBLH.01A",0.0712943347832387,0.053667119401747,0.090278884444491,0.581861494964266,0.543360743998865,0.620663128170909,0.346844170252495,0.312682425398215,0.380715997040775,0.167410152715529,0.155201376576932,0.179571066130374,18.8583869952952,16.6007756610239,21.1683605134733,0.203934840126096,0.185823776058306,0.222473790964003
"TARGET.30.PARCET.01A",0.121750484344815,0.100611603918264,0.143776727979465,0.170562063822774,0.140693592216995,0.201792560629097,0.707687451832412,0.6755590544642,0.738504948652304,0.195258549246602,0.188110344527631,0.202504982570503,20.1871342596907,17.971815802069,22.5131704719835,0.247609389862888,0.235979320763009,0.259605310861046
"TARGET.30.PARCWT.01A",0.0225087155837559,0.0115726656888192,0.0365506920559782,0.817680386230741,0.779610319848651,0.852613059298108,0.159810898185503,0.129248806996687,0.193108030680878,0.190368069111215,0.165008781158185,0.214916390891233,19.8336487261935,17.4152208956323,22.4427938150292,0.240033086948373,0.200251889677326,0.280912798792053
"TARGET.30.PARDCK.01A",0.664409343777768,0.634006508960626,0.694788728243815,0.156013609899892,0.130285906183094,0.182850825536625,0.179577046322341,0.155329578089577,0.205177180266062,0.18619154747302,0.180201386356641,0.1923621141552,25.4635306687795,22.9031972786573,28.0896556772481,0.232936450952668,0.223458316556099,0.242842351216842
"TARGET.30.PARDIW.01A",0.0397071049542473,0.0248238927359743,0.0566595744460741,0.243360414028553,0.210024497465232,0.27730892428552,0.7169324810172,0.684589615791202,0.748398195663587,0.146913309265089,0.138349554091401,0.155432085588112,15.6394526233798,13.9823666769246,17.4010349408138,0.173985714474432,0.161964986072027,0.186158444161143
"TARGET.30.PARDUJ.01A",0.0779970854228578,0.0540049854766736,0.104825913202075,0.543836122529472,0.496765895285901,0.591060790111381,0.378166792047671,0.342082054351787,0.413969129065208,0.169284714458992,0.154705945448056,0.183572313051357,15.0552799048998,12.9705421824191,17.1541585755059,0.20680193525188,0.185105856199406,0.228756680099214
"TARGET.30.PARDYU.01A",0.256795324619164,0.230136722379945,0.28457933660715,0.272925889403987,0.243004522562506,0.304446292205915,0.470278785976848,0.437541819537716,0.503045644228802,0.120046543771333,0.113146898566921,0.126952013803435,18.3690288507557,16.5097760083322,20.2749770674888,0.137301174861839,0.128281530173673,0.146450518867193
"TARGET.30.PAREGK.01A",0.60423148140192,0.555190256782534,0.648853385018851,0.107367987494808,0.0577157618293937,0.167100868112774,0.288400531103272,0.254370264181654,0.32343414580755,0.303139141814825,0.293098595109378,0.312642598234588,18.9025813194013,16.7740624139382,21.2137466416054,0.466219275753993,0.441182861765562,0.490795033224692
"TARGET.30.PARETE.01A",0.626312423484235,0.595526619913929,0.656281715585668,0.125180746373161,0.104109611086549,0.147645098497824,0.248506830142605,0.221957795592012,0.276031996520912,0.149124636733397,0.144255913575643,0.153899814568195,26.734255705056,24.2373363534146,29.348087927181,0.17710086449552,0.170198242216162,0.183939906002938
"TARGET.30.PARFRE.01A",0.432224097017139,0.392950714650652,0.471714265377836,0.392729304211445,0.348165704905695,0.436659150606467,0.175046598771416,0.149222706229589,0.202481321195922,0.226077051482785,0.214630197040125,0.237793360734073,20.5592708070609,17.6834364738246,23.4359644392869,0.3009944904913,0.280411102506705,0.322737603019777
"TARGET.30.PARFWB.01A",0.466402862589645,0.433242082822029,0.498892470057,0.193081785139291,0.162338615834337,0.224639014876546,0.340515352271064,0.309694449719984,0.371878794587292,0.192767905755538,0.185331615005969,0.200359472608727,20.4805863057533,18.2216389018774,22.8403691545707,0.243541066834188,0.231544380086909,0.256012292130539
"TARGET.30.PARGDJ.01A",0.523475249214774,0.488332520457185,0.558801898886705,0.279806233337848,0.241853694960156,0.318215638988863,0.196718517447378,0.169441512348572,0.225430107607951,0.217610162702609,0.208976123168407,0.22673008823612,22.2002161700958,19.5663443129151,24.9807121173202,0.285724621918746,0.270601391825644,0.302074051943846
"TARGET.30.PARGKK.01A",0.339588502240854,0.300181978455909,0.381395034716029,0.256448871655769,0.202783438081158,0.307787828273548,0.403962626103377,0.367749600513321,0.44153164661746,0.222650860532003,0.210307747780076,0.235599822045197,15.6968952950754,13.6260421681672,17.9259709177285,0.294799894434958,0.272894469105808,0.31857215869672
"TARGET.30.PARGUX.01A",0.845355269472828,0.81204085781669,0.875906361921074,0.115560800901244,0.0876761870565262,0.146417386631606,0.0390839296259276,0.023553499093186,0.0581673088368598,0.132213598968546,0.124415750205702,0.139768962519707,19.5024285737861,16.9309892128448,22.2828536080218,0.153581650863597,0.143062642726873,0.163931251024901
"TARGET.30.PARHYL.01A",0.608917038823621,0.573556908449746,0.643752592701094,0.156106319768123,0.127857094600913,0.185828433065352,0.234976641408255,0.205230357778673,0.265120905426757,0.166538111388157,0.159970662862378,0.173231909762036,24.4143279169066,21.7105923175584,27.2055925630501,0.202565508589807,0.192788099418094,0.212678691667678
"TARGET.30.PARIRD.01A",0.231788680372892,0.194391337725832,0.270876236108854,0.44283997864656,0.392364990421138,0.491614621952147,0.325371340980548,0.288335695608517,0.362143129335803,0.182990727248007,0.16934318240063,0.196505695398171,18.6494992251825,15.8696773408589,21.5359462412554,0.227958773183083,0.206763532867524,0.249622626913864
"TARGET.30.PARJVP.01A",0.732489653229539,0.698489951283942,0.765227600688875,0.204962228946853,0.171327473462916,0.239174102368565,0.0625481178236081,0.046513989363569,0.0807492884557113,0.228656007988378,0.220940456275329,0.236531774090467,23.2682083444119,20.6168919793574,26.1006929182791,0.305664421315474,0.291591460501819,0.320337661374729
"TARGET.30.PARMTT.01A",0.545081488477722,0.514136645598142,0.575697455853523,0.220774523614819,0.19267849195178,0.249972298988544,0.23414398790746,0.207214330685443,0.262324480296926,0.13691341142651,0.130875761614593,0.143040234049279,23.6261345964919,21.4102415782438,25.9960077588376,0.160001770997417,0.151737410828737,0.168492511706027
"TARGET.30.PARNCW.01A",0.0480621882683233,0.0340407331306092,0.0642837365069563,0.56399634740757,0.528996077545156,0.598471124700162,0.387941464324107,0.355161788271458,0.421403350268646,0.115657520662942,0.105356083748838,0.126098192652913,16.6689927168106,14.8089543086317,18.6082440072169,0.131586132365071,0.118312108971506,0.145307441339771
"TARGET.30.PARNEE.01A",0.167034682792759,0.144056958912848,0.190873297278715,0.222002391901287,0.194396164024204,0.250762542920672,0.610962925305953,0.579398398272608,0.641529341152036,0.116694267153814,0.110635385925785,0.122817731211023,20.0543992822207,18.0495362298355,22.1087153944487,0.132904000574464,0.125045941281469,0.14093977811009
"TARGET.30.PARNNC.01A",0.663126629285972,0.618031271429479,0.710047680541666,0.258392869210338,0.206845089443923,0.307055023977575,0.0784805015036899,0.0584160674648598,0.100341821351562,0.255324813796553,0.243896359855151,0.26777387486655,19.1796361725259,16.299896838993,22.1823688509069,0.357495055475251,0.334512945784904,0.383448262549916
"TARGET.30.PARRBU.01A",0.583373848271549,0.550505294799566,0.615151373730006,0.193027171620123,0.162942518691964,0.225095014371259,0.223598980108328,0.196843531597772,0.251749467659839,0.19869998169454,0.191553477953433,0.20609035309835,20.9374564186012,18.6922727429964,23.4020044595024,0.253290103693967,0.241529809214588,0.265667850906217
"TARGET.30.PARSBI.01A",0.532733564703596,0.500794137095284,0.565181212443769,0.206231848134801,0.177899097418571,0.235629172027318,0.261034587161603,0.233591875192472,0.289327845190948,0.166311113816284,0.159920447531181,0.172779871065184,23.165865647426,20.8340023160401,25.595577258411,0.202223116325074,0.192714265166167,0.211987488428896
"TARGET.30.PARSEA.01A",0.0229898662900154,0.0131142071862855,0.0353559869466998,0.307476831152754,0.273375247519158,0.342999338720374,0.66953330255723,0.634834282236456,0.704048973624562,0.172404447832179,0.163272562630566,0.181701925466891,16.9918637618376,15.0201285721752,19.0359181456435,0.21146546262215,0.197667143272067,0.225809906690477
"TARGET.30.PARURB.01A",0.608267170150725,0.563195250752889,0.65179967052314,0.105770408941964,0.0585918056424503,0.159518088059505,0.285962420907311,0.253166616280768,0.319906922080014,0.271034263707301,0.259981454501748,0.281604306729084,15.4374824574704,13.6906149425807,17.3557085518916,0.390659905599211,0.366945952589347,0.414149787101532
"TARGET.30.PARUXY.01A",0.145609481080197,0.0962918950064195,0.228159911090808,0.645961653087544,0.425270747488724,0.741752222456334,0.20842886583226,0.14813851545819,0.361667941692074,0.292045534892146,0.251229072749094,0.420529835883829,19.3679816099365,10.0412618497682,25.582157586805,0.455460412802921,0.349037798179529,0.919613220901676
"TARGET.30.PARVLK.01A",0.500919386570226,0.469187272408728,0.532978996230912,0.146949074933283,0.122546079124883,0.172500017713814,0.352131538496491,0.321836421965034,0.382118376948119,0.178613477598843,0.172644103707114,0.18451963478355,23.063523791455,20.8107695955774,25.4295736510594,0.221003804758846,0.211780075753159,0.230255826122047
"TARGET.30.PARVME.01A",0.691083083190727,0.658413844270989,0.722766191138956,0.118417546930585,0.0905559556370722,0.148845713613448,0.190499369878688,0.165538831823567,0.217256727287979,0.231073897209071,0.223961159385403,0.238404368773719,22.0897329009479,19.7050150011797,24.5882022470884,0.310133149618542,0.297033257871342,0.323904089605786
"TARGET.30.PARZCJ.01A",0.732774587098237,0.700240937138253,0.764170637612628,0.163429596640646,0.133512639898915,0.194709065392767,0.103795816261117,0.0838445127943407,0.124792598040804,0.238349643302935,0.231494542545311,0.245234752532294,25.292234154432,22.4479719352473,28.1914402437352,0.323845136795151,0.310868429494207,0.337132787721744
"TARGET.30.PARZHA.01A",0.314217826368333,0.279178397413994,0.350585481242038,0.495764441016527,0.447956689184099,0.543041452087154,0.19001773261514,0.158816009608569,0.222679932892829,0.177680587209755,0.162964069750374,0.192657519576192,16.1592652277715,13.8393263516104,18.4975486319298,0.219667416475475,0.197209277901536,0.243322700642201
"TARGET.30.PARZIP.01A",0.572248583832244,0.520584054649053,0.623968040158839,0.157459395164075,0.0927103435071139,0.22064657614224,0.270292021003681,0.236381224569004,0.306359717808334,0.284203755949603,0.271670237383985,0.2968665905671,18.3515880249239,15.9801041475629,21.1232191226713,0.420363852555119,0.391908593771145,0.450372573057335
"TARGET.30.PASATK.01A",0.50977735770324,0.475260054502336,0.542698815351482,0.230727784472293,0.200268274745394,0.262472665886313,0.259494857824467,0.231094397502227,0.288971448153706,0.205768233648476,0.199108487071564,0.212640973585901,25.8568266414701,23.0756293202807,28.7358568947801,0.265155160897758,0.25392916040628,0.276937850687255
"TARGET.30.PASAZJ.01A",0.0443709579826983,0.0212398046383003,0.0714046722524209,0.18650500520671,0.102614014305371,0.284173912520181,0.769124036810591,0.683248106390921,0.845679616079707,0.328059832599715,0.3103449768399,0.344384223604041,10.0780356120259,8.91950511226813,11.3662208343222,0.53436382250119,0.484700672082039,0.583609050563949
"TARGET.30.PASBEN.01A",0.111175458983192,0.0639736304307841,0.162576111907271,0.309373542920988,0.172891665020394,0.454933960938915,0.579450998095819,0.461465494406359,0.687969399262465,0.346861092539199,0.317108345459315,0.371842723862286,10.5345285612154,8.9414197937901,12.39217002094,0.593684370831896,0.502857087243219,0.68067493447415
"TARGET.30.PASCFC.01A",0.335907138667423,0.194584816869281,0.487059325909847,0.510823102912564,0.300937928405892,0.706539842569769,0.153269758420012,0.0786098760097585,0.245026038557939,0.361167517315279,0.275139509088708,0.426287255643014,11.7880707933201,8.97738988455588,16.7719065454081,0.658959664111869,0.399563969477178,0.957216196599234
"TARGET.30.PASCLP.01A",0.16130162962711,0.138438840183016,0.18545376839232,0.216770318093767,0.188561808938452,0.247310580883235,0.621928052279123,0.589285518009704,0.653938746071961,0.126894453525145,0.120765777336062,0.133188672716589,20.3120178302423,18.2920367381556,22.4130919119858,0.146391465718425,0.138227041236375,0.154880238587918
"TARGET.30.PASCUF.01A",0.381847960885807,0.35172535914971,0.412624336686364,0.252980614653271,0.22489547407808,0.282651265613302,0.365171424460922,0.335697775124065,0.394736187147743,0.114385776806918,0.108655100486239,0.120488587339537,22.1226822575972,19.9847508353814,24.3668186623392,0.129900415643792,0.122509415656234,0.137861714576079
"TARGET.30.PASEGA.01A",0.0349188419982039,0.0227378260398004,0.0489698585069879,0.277555707433606,0.243156332953377,0.31244839106292,0.68752545056819,0.652878080465839,0.72169488993273,0.173069490662087,0.164350369574708,0.181600121109635,18.3243643934248,16.2518332043705,20.5038199734187,0.212474936029431,0.199270124556268,0.22565001241707
"TARGET.30.PASFIC.01A",0.190356616287577,0.146613132556198,0.240849400710663,0.413975398764685,0.311964585165734,0.497085409122455,0.395667984947737,0.338771961969437,0.462703479837824,0.286091705696628,0.26509308591026,0.311921804139645,17.0845448849682,13.817830728685,20.5041226588055,0.425305082619914,0.377709386544974,0.488875143321011
"TARGET.30.PASGAP.01A",0.12500065118656,0.0859604198391402,0.16654107772036,0.255090745077913,0.147633237711551,0.3655080092621,0.619908603735527,0.532234607177563,0.703266190686478,0.323457880458318,0.301986560618469,0.342953867942699,12.8032591985032,10.8851515249993,14.9413613509842,0.521417323431786,0.463136597225872,0.579034250738674
"TARGET.30.PASGPY.01A",0.474926531488545,0.442115916052529,0.507687867100625,0.162335534809504,0.135370661273132,0.190443368872404,0.362737933701951,0.331686296432136,0.394432033234181,0.189195622773611,0.183022683129427,0.19547156419238,24.7619541462998,22.1728879612621,27.4136287057319,0.237748046469461,0.227888941359545,0.247921815196066
"TARGET.30.PASHFA.01A",0.068572035563014,0.0456471198026024,0.0951920849783347,0.206891695575532,0.127183643681942,0.286218358276657,0.724536268861454,0.65495419436721,0.793275098616079,0.262960829465161,0.243978145371353,0.280435411934058,11.5485092735054,9.96369216783074,13.3796106742298,0.373578519324879,0.334672644145604,0.411480829265771
"TARGET.30.PASJYB.01A",0.384467022224144,0.35266823797352,0.416911165187733,0.337495100271873,0.303547873181538,0.372093663955863,0.278037877503983,0.25010420187063,0.307266844828346,0.12314213301241,0.114695396088882,0.131425642997235,17.6170649763536,15.7420626736779,19.5354376136606,0.141402302052226,0.130286948980883,0.152482812120723
"TARGET.30.PASMJG.01A",0.0816412817051445,0.0637503548981577,0.100943006522194,0.258877160837969,0.229161251461023,0.290402155084978,0.659481557456886,0.627908616253182,0.690167417549253,0.142547474255965,0.135652562759885,0.149403751330932,19.6007959535021,17.6358835368113,21.6808058116246,0.167827645977058,0.158250094087293,0.177486412869624
"TARGET.30.PASMNT.01A",0.757113438980686,0.729234876771389,0.783606310677281,0.141716487522003,0.120377749973754,0.164101580224715,0.101170073497311,0.0828954433815134,0.120382011305343,0.0952468389409538,0.0913370180906438,0.0991842558225482,29.7240765636668,26.9878069686734,32.6528802408106,0.10567156971561,0.100858643586561,0.110553133775451
"TARGET.30.PASNEF.01A",0.758685190301654,0.73097655854799,0.785257005380125,0.175087639977742,0.150693771119478,0.201237879110772,0.0662271697206043,0.0510075791963289,0.083000948393879,0.166791541708225,0.161282269502557,0.17227978429157,28.0113496122016,25.3204910148742,30.9074400222284,0.202937690524386,0.194720495645028,0.211223927480127
"TARGET.30.PASNML.01A",0.557541847997516,0.488923913408494,0.635412552161733,0.297840547037776,0.19614311486983,0.383975951243949,0.144617604964708,0.110935056565651,0.184330404500007,0.282748427934234,0.261562375041518,0.305363600376051,14.6585281742607,12.0638418879993,17.7066628687197,0.41748912759155,0.370250176520644,0.471737448890226
"TARGET.30.PASNPG.01A",0.617000215303666,0.585741680082795,0.647432875053972,0.196240107583365,0.169483263496089,0.224564548614844,0.186759677112969,0.162057418178152,0.212561708653388,0.140948270840364,0.134903200297104,0.147060671755309,23.2456181891078,20.9787781872375,25.5803339032979,0.165589643813694,0.157222787670665,0.17415596546498
"TARGET.30.PASNZU.01A",0.170593640449583,0.147277414306417,0.195473562697618,0.240730850644793,0.210309547385054,0.27348047880682,0.588675508905624,0.555354034510589,0.620999696317229,0.142521435635611,0.134843019255242,0.150192794475444,18.578512023069,16.6442864861953,20.5872641983507,0.167796095153268,0.157140376545383,0.178612968533538
"TARGET.30.PASPBZ.01A",0.571431084528847,0.530223857363004,0.612578517037814,0.374386190848633,0.330823301686545,0.419166272536428,0.05418272462252,0.0370885336845218,0.0730433043324165,0.199994487688005,0.188307048248172,0.21203759262469,16.4690471340989,14.2959546752207,18.7173111573501,0.255506556099625,0.236294762100467,0.275889078376526
"TARGET.30.PASREY.01A",0.0510895145244264,0.0314222558027014,0.0732124585552837,0.781131488394236,0.731682329834475,0.827581335765834,0.167778997081337,0.130830199808064,0.207889968164096,0.249855512690826,0.225937646752653,0.27362093413111,24.3157981069557,20.6605147259368,28.2021992137846,0.346870414543147,0.300626225714703,0.396198610966401
"TARGET.30.PASRFS.01A",0.458523029337534,0.421896274121553,0.494658373780876,0.235249046885362,0.198767525715763,0.273394988326657,0.306227923777104,0.276117138056721,0.336715069389233,0.210183118073401,0.201172913417467,0.219268939584139,19.3267195729103,16.9954939098961,21.7447563030834,0.272741869582042,0.25737149903042,0.288605483909193
"TARGET.30.PASSRN.01A",0.293905863632374,0.262512348026306,0.326461171779461,0.216647422702882,0.183955816062533,0.250674878025975,0.489446713664744,0.457085489983617,0.521267719982017,0.154404113517502,0.146501796613378,0.162519642791648,17.167172225631,15.3711820604376,19.0577258731629,0.184703868378332,0.173364847730343,0.196550395333842
"TARGET.30.PASSWW.01A",0.412611234660774,0.377040642634724,0.448771583465063,0.487552530700203,0.446468204838482,0.52876017546183,0.0998362346390234,0.0780190401865563,0.123984860631038,0.180144617319237,0.168266043262541,0.192014574417406,18.0637584116356,15.7702337359918,20.4381483066765,0.223460462413312,0.205137392941461,0.242277818052715
"TARGET.30.PASTCN.01A",0.503289204666172,0.468641707392197,0.537454159393263,0.233833165789425,0.199927694991201,0.268094380496461,0.262877629544403,0.234155842284511,0.292441638451181,0.204508817472034,0.196615468859776,0.212472794212811,21.0915049118973,18.6790268090977,23.5921596055831,0.263031799923283,0.249803508923489,0.276645306921726
"TARGET.30.PASTKC.01A",0.486440138696896,0.444229030675641,0.531289701331335,0.167113509071934,0.113468497145316,0.2172277187984,0.34644635223117,0.311348328691213,0.382743994046801,0.249912571406825,0.238943581540993,0.261842064132038,17.7826911943675,15.3227072756037,20.3438551540088,0.346532131695166,0.324935775904192,0.370837024376411
"TARGET.30.PASUCB.01A",0.170156686010065,0.146960280467224,0.19487631698133,0.197335208860488,0.171216803028107,0.225553383142949,0.632508105129447,0.60177816207697,0.663454227878522,0.118832250239515,0.112990736947342,0.124665523031506,20.7395481135791,18.7072790981434,22.7993092117226,0.135699717437613,0.128079735083903,0.143395265713162
"TARGET.30.PASVRU.01A",0.195138763025146,0.170240470665631,0.221374605685232,0.246299595037834,0.216740179742617,0.27693282068635,0.55856164193702,0.525996825204855,0.590901063768353,0.142968187346154,0.136073616403912,0.149900991328834,19.5338612541885,17.5855154795064,21.5764184488258,0.168416001569959,0.1588282470552,0.178196051012923
"TARGET.30.PASWFB.01A",0.141098866749085,0.119281746638171,0.164130038255318,0.24599399259098,0.216735033933067,0.275676295991313,0.612907140659935,0.58216651891569,0.643928586702198,0.116479992634249,0.110091345760912,0.122880292354781,18.7939425368542,16.8411224169769,20.8598594847823,0.132626635739332,0.124347803317107,0.141022717232594
"TARGET.30.PASWIJ.01A",0.500690273134035,0.423565558713374,0.569542364001586,0.199830823721114,0.105757220673355,0.308030273346007,0.299478903144851,0.251430059357598,0.347233923197026,0.321355109055384,0.304486113192714,0.336218040804269,15.172206054428,13.0278524031472,17.4136030431652,0.515096396685866,0.469488346524331,0.558036036144943
"TARGET.30.PASWYR.01A",0.179275872016528,0.153413790496554,0.206048052928172,0.200090907687406,0.16462952588097,0.236015169441279,0.620633220296067,0.585352270967575,0.655642997854951,0.201308123303299,0.192646885552559,0.210012886032099,18.5780804481795,16.4413389528285,20.8399377925087,0.257653215144683,0.243305400951821,0.272385805602584
"TARGET.30.PASXGP.01A",0.73305919691259,0.702696645392317,0.761417818829243,0.146723502895899,0.122588651728718,0.172848109908542,0.120217300191511,0.10005809632585,0.141780314395399,0.196373543023564,0.190947293271192,0.2019225094276,28.8451475077814,25.9903999499383,31.8430267616893,0.249426274843561,0.240548132070639,0.258627305121257
"TARGET.30.PASXHE.01A",0.812112750932992,0.786363320951772,0.835874606610869,0.117083219456649,0.0959770557754605,0.139290470585985,0.0708040296103588,0.0550163557428228,0.0885388092340714,0.141928748647806,0.137277853009382,0.146584292303662,29.3288235514929,26.6668293791131,32.1134051530171,0.166949173894051,0.160485496275026,0.173481546095341
"TARGET.30.PASXRG.01A",0.206805999655053,0.181473484547816,0.233355058922821,0.172244240536934,0.145110603437958,0.200803570503805,0.620949759808013,0.588591079161054,0.652656301878451,0.15248312570311,0.145942402648421,0.159211420741454,20.4758644564326,18.4169103423833,22.6212829381825,0.181920847752427,0.172574247073634,0.19167290779811
"TARGET.30.PASYLD.01A",0.0932923644894915,0.0515238180432375,0.156579544220856,0.504112806251047,0.264943062711074,0.686822115614418,0.402594829259461,0.244108800246887,0.602476591932879,0.315865553795667,0.236698366371073,0.387415701080701,14.1544515716665,9.45841662869397,21.7975713287834,0.51785655297676,0.320653913770213,0.745452916897096
"TARGET.30.PASYPX.01A",0.564369126123802,0.502545352994397,0.620993665008208,0.156399518412277,0.0858480649037827,0.238337408208169,0.27923135546392,0.240202355173624,0.319286881867895,0.28595523204798,0.270765554157795,0.299459100788034,12.449147297521,10.9437177191963,14.0442860784042,0.424506753435026,0.389931418807953,0.456794943245872
"TARGET.30.PATAYJ.01A",0.685951353994797,0.629997258503229,0.743206396117923,0.224850685933613,0.158047452343313,0.288347351770599,0.0891979600715898,0.0653144097759763,0.115416405757984,0.278585708182055,0.264597237401893,0.293436547597204,17.2788749479814,14.667784508778,20.2069311138068,0.40756208030091,0.376655084103846,0.44200022883112
"TARGET.30.PATCFL.01A",0.110828840437281,0.091404851233816,0.132072860885752,0.134772429489479,0.111365745364289,0.16045101527508,0.75439873007324,0.724996444055639,0.782411855699902,0.178490998892624,0.172724900688832,0.184354859818629,24.2566881801038,21.8475614962749,26.824056553374,0.220812865569748,0.211903499453797,0.229994744994733
"TARGET.30.PATDWN.01A",0.331144204125965,0.301729233049738,0.360789148667076,0.284450365451987,0.254292803268,0.315664363617884,0.384405430422048,0.353285802880154,0.416485818140833,0.12033227433925,0.113939169278648,0.126960580747392,20.2148100379012,18.2085462237731,22.2277400898683,0.137675127620865,0.129306574432381,0.146462001360025
"TARGET.30.PATDXC.01A",0.030187257989855,0.0185802920386853,0.0437388100683874,0.532444116575288,0.498006705574461,0.566424189274292,0.437368625434857,0.40490859130461,0.470593072527801,0.133696548947874,0.124032112381102,0.143297529386832,18.9220173580264,16.9056375552729,21.0429437400475,0.155617392374878,0.142552181975015,0.168853039921016
"TARGET.30.PATEPF.01A",0.732629179161754,0.705456504924244,0.759754281916167,0.176947537694019,0.153621550740895,0.200709374140637,0.0904232831442264,0.073125470381581,0.108764962107621,0.0992421884388858,0.0952283503773962,0.103088593226315,32.576999475585,29.549948247008,35.7097224223957,0.110631614043825,0.10564250920941,0.115447499689821
"TARGET.30.PATHKB.01A",0.16608036293638,0.138845536610638,0.194131403145269,0.41607741157098,0.371926639386695,0.4612343298187,0.41784222549264,0.381083887796535,0.454338350187383,0.197024722501503,0.185106315097558,0.2095802199229,17.1621200868283,14.860766389116,19.5831064959175,0.250583935199189,0.231186512406195,0.271640352289186
"TARGET.30.PATHVK.01A",0.342930138686692,0.310742372207902,0.375412567273376,0.252411075955914,0.219468866471562,0.287178198208108,0.404658785357394,0.371911352790386,0.437081703163787,0.197732663075239,0.19006972718803,0.205495192028107,22.3261009327995,19.8027273914019,24.9252333587201,0.251690921494348,0.239130376346272,0.264656384805158
"TARGET.30.PATNKP.01A",0.346306634592419,0.314182845771392,0.377639943301931,0.224302039462521,0.192902234533791,0.257893110200926,0.42939132594506,0.39700036264534,0.461762875458638,0.142231072225074,0.134294971228424,0.150212764604237,17.800562881321,15.9483412507545,19.6961308390891,0.167392374641993,0.156390511139111,0.178641513838947
"TARGET.30.PATYIL.01A",0.362891842439542,0.331132493780217,0.395064856236826,0.345202576344172,0.310261146490746,0.380296782652186,0.291905581216286,0.261631437533654,0.322421975024996,0.193118313909356,0.184936887086303,0.201531741310822,22.649031900845,20.0957486265089,25.3314575004663,0.244119746663904,0.230917560618093,0.257972253658857
"TARGET.30.PAUDDK.01A",0.582192992311022,0.547621769141369,0.615290586013157,0.187531149224174,0.154465898662261,0.220634737638733,0.230275858464805,0.201768620822411,0.259506045179515,0.228869649511366,0.221579934428499,0.236380615514744,24.3832561178272,21.5775130448302,27.2336925394739,0.30605263388779,0.2927385490164,0.320050880500481
